sample,condition,gene_name,proximal_use
shCtrl-K562-R2,DMAi_full_mit,ACADSB,0.838880804296322
shCtrl-K562-R2,DMAi_full_mit,ACBD5,0.439094731211215
shCtrl-K562-R2,DMAi_full_mit,ACOX1,0.760043707681909
shCtrl-K562-R2,DMAi_full_mit,ADIPOR1,0.290095332415368
shCtrl-K562-R2,DMAi_full_mit,ADO,0.668271827029363
shCtrl-K562-R2,DMAi_full_mit,AGO3,0.907343569533927
shCtrl-K562-R2,DMAi_full_mit,AIFM2,0.658163543141432
shCtrl-K562-R2,DMAi_full_mit,AKAP8,0.52535289916587
shCtrl-K562-R2,DMAi_full_mit,AMDHD2,0.617214506081303
shCtrl-K562-R2,DMAi_full_mit,AP1G1,0.542110851787569
shCtrl-K562-R2,DMAi_full_mit,AP2B1,0.421218503275996
shCtrl-K562-R2,DMAi_full_mit,ARL8A,0.566941600277595
shCtrl-K562-R2,DMAi_full_mit,ARPP19,0.271970506190992
shCtrl-K562-R2,DMAi_full_mit,ATF7IP,0.722620599672942
shCtrl-K562-R2,DMAi_full_mit,ATP6V1C1,0.720468729504261
shCtrl-K562-R2,DMAi_full_mit,B3GALT6,0.116970437576499
shCtrl-K562-R2,DMAi_full_mit,BBIP1,0.258065411336622
shCtrl-K562-R2,DMAi_full_mit,BMPR2,0.951459097135361
shCtrl-K562-R2,DMAi_full_mit,C1orf198,0.282276307784528
shCtrl-K562-R2,DMAi_full_mit,C2orf68,0.557888426042661
shCtrl-K562-R2,DMAi_full_mit,C6orf89,0.758729988286589
shCtrl-K562-R2,DMAi_full_mit,CALM3,0.215887100324605
shCtrl-K562-R2,DMAi_full_mit,CCDC25,0.790510306913323
shCtrl-K562-R2,DMAi_full_mit,CDC42SE1,0.673170948414789
shCtrl-K562-R2,DMAi_full_mit,CENPO,0.442570889353085
shCtrl-K562-R2,DMAi_full_mit,CEP164,0.371498268337864
shCtrl-K562-R2,DMAi_full_mit,CEP41,0.188882528164156
shCtrl-K562-R2,DMAi_full_mit,CHFR,0.733492756580474
shCtrl-K562-R2,DMAi_full_mit,CMPK1,0.575698089303538
shCtrl-K562-R2,DMAi_full_mit,CREBRF,0.591605565184603
shCtrl-K562-R2,DMAi_full_mit,CSK,0.488524218864716
shCtrl-K562-R2,DMAi_full_mit,CSTF1,0.860534911652347
shCtrl-K562-R2,DMAi_full_mit,CTC1,0.781210985257089
shCtrl-K562-R2,DMAi_full_mit,CTPS2,0.573651884702893
shCtrl-K562-R2,DMAi_full_mit,CYLD,0.828152258049593
shCtrl-K562-R2,DMAi_full_mit,DMAC2L,0.614927274771278
shCtrl-K562-R2,DMAi_full_mit,DNAJC5,0.562035176853373
shCtrl-K562-R2,DMAi_full_mit,EEF1AKMT2,0.897911979596085
shCtrl-K562-R2,DMAi_full_mit,EFR3A,0.646346015864828
shCtrl-K562-R2,DMAi_full_mit,EIF2S1,0.86267124596528
shCtrl-K562-R2,DMAi_full_mit,ELP3,0.646632686794939
shCtrl-K562-R2,DMAi_full_mit,EML4,0.627696503461981
shCtrl-K562-R2,DMAi_full_mit,ENGASE,0.536210467929132
shCtrl-K562-R2,DMAi_full_mit,FAM168B,0.753861989900105
shCtrl-K562-R2,DMAi_full_mit,FAM199X,0.638090783978283
shCtrl-K562-R2,DMAi_full_mit,FBXL5,0.938796858969799
shCtrl-K562-R2,DMAi_full_mit,FBXO28,0.845932111120956
shCtrl-K562-R2,DMAi_full_mit,FER,0.78763012860572
shCtrl-K562-R2,DMAi_full_mit,FKBP9,0.48565264502968
shCtrl-K562-R2,DMAi_full_mit,FLVCR1,0.745065962722622
shCtrl-K562-R2,DMAi_full_mit,FSTL3,0.456755073051599
shCtrl-K562-R2,DMAi_full_mit,GAPVD1,0.46745393817927
shCtrl-K562-R2,DMAi_full_mit,GATAD2A,0.896554308544437
shCtrl-K562-R2,DMAi_full_mit,GID4,0.53396161371172
shCtrl-K562-R2,DMAi_full_mit,GRPEL2,0.512751847354096
shCtrl-K562-R2,DMAi_full_mit,HDAC11,0.482266767140798
shCtrl-K562-R2,DMAi_full_mit,HEXIM1,0.74572816815771
shCtrl-K562-R2,DMAi_full_mit,HINT3,0.474025159711867
shCtrl-K562-R2,DMAi_full_mit,HMCES,0.898776189170144
shCtrl-K562-R2,DMAi_full_mit,ING1,0.669207469031354
shCtrl-K562-R2,DMAi_full_mit,INPP4A,0.62875575775554
shCtrl-K562-R2,DMAi_full_mit,JMY,0.655607044110175
shCtrl-K562-R2,DMAi_full_mit,KDM2A,0.727699433479724
shCtrl-K562-R2,DMAi_full_mit,KIAA1143,0.652111308478935
shCtrl-K562-R2,DMAi_full_mit,KIAA2013,0.864283329088615
shCtrl-K562-R2,DMAi_full_mit,KIF20B,0.625705973148273
shCtrl-K562-R2,DMAi_full_mit,KLHDC10,0.690953904889998
shCtrl-K562-R2,DMAi_full_mit,KLHL36,0.382118095949706
shCtrl-K562-R2,DMAi_full_mit,LARS1,0.485118140995844
shCtrl-K562-R2,DMAi_full_mit,LMAN2,0.365597846597278
shCtrl-K562-R2,DMAi_full_mit,LMNB2,0.355294777943253
shCtrl-K562-R2,DMAi_full_mit,LRIF1,0.892872124488794
shCtrl-K562-R2,DMAi_full_mit,LSM11,0.46519696293069
shCtrl-K562-R2,DMAi_full_mit,MAP4,0.591116935971831
shCtrl-K562-R2,DMAi_full_mit,MAPK13,0.880491566043083
shCtrl-K562-R2,DMAi_full_mit,MAPKAP1,0.544457475874494
shCtrl-K562-R2,DMAi_full_mit,MCCC2,0.0536081526388291
shCtrl-K562-R2,DMAi_full_mit,MCMBP,0.747114620549602
shCtrl-K562-R2,DMAi_full_mit,MLLT6,0.478982316498745
shCtrl-K562-R2,DMAi_full_mit,MON1B,0.670723055475885
shCtrl-K562-R2,DMAi_full_mit,MOSPD2,0.708005618522019
shCtrl-K562-R2,DMAi_full_mit,MPPE1,0.937555893207981
shCtrl-K562-R2,DMAi_full_mit,MTURN,0.846313759021595
shCtrl-K562-R2,DMAi_full_mit,MXD4,0.533980748117854
shCtrl-K562-R2,DMAi_full_mit,NDRG3,0.632900294581373
shCtrl-K562-R2,DMAi_full_mit,NFYB,0.712818736210925
shCtrl-K562-R2,DMAi_full_mit,NIFK,0.706589091076033
shCtrl-K562-R2,DMAi_full_mit,NIPA1,0.450071373135561
shCtrl-K562-R2,DMAi_full_mit,NKRF,0.775491207433951
shCtrl-K562-R2,DMAi_full_mit,NOLC1,0.728031965110157
shCtrl-K562-R2,DMAi_full_mit,NSUN4,0.555091899079335
shCtrl-K562-R2,DMAi_full_mit,NUB1,0.557655159721008
shCtrl-K562-R2,DMAi_full_mit,NUP155,0.759891886170577
shCtrl-K562-R2,DMAi_full_mit,OGFOD2,0.556531222239734
shCtrl-K562-R2,DMAi_full_mit,OTUD5,0.88734752921208
shCtrl-K562-R2,DMAi_full_mit,OTULIN,0.528630695880315
shCtrl-K562-R2,DMAi_full_mit,PACC1,0.926946217890702
shCtrl-K562-R2,DMAi_full_mit,PCGF5,0.732539849857999
shCtrl-K562-R2,DMAi_full_mit,PDIA6,0.568360166349726
shCtrl-K562-R2,DMAi_full_mit,PGRMC2,0.323717628801853
shCtrl-K562-R2,DMAi_full_mit,PITPNA,0.571248788252626
shCtrl-K562-R2,DMAi_full_mit,POC1A,0.791511028176412
shCtrl-K562-R2,DMAi_full_mit,PRDM4,0.637093752702642
shCtrl-K562-R2,DMAi_full_mit,PRKAB2,0.683281809537913
shCtrl-K562-R2,DMAi_full_mit,PSMD12,0.897621055191671
shCtrl-K562-R2,DMAi_full_mit,PTGFRN,0.525845360345391
shCtrl-K562-R2,DMAi_full_mit,PURB,0.616642247733226
shCtrl-K562-R2,DMAi_full_mit,RAB11FIP1,0.493249789258869
shCtrl-K562-R2,DMAi_full_mit,RAB35,0.835736681243273
shCtrl-K562-R2,DMAi_full_mit,RAB8B,0.806150610117254
shCtrl-K562-R2,DMAi_full_mit,RAI14,0.517253804425834
shCtrl-K562-R2,DMAi_full_mit,RALGPS2,0.621543415129355
shCtrl-K562-R2,DMAi_full_mit,RAP1GDS1,0.760059070745909
shCtrl-K562-R2,DMAi_full_mit,RC3H2,0.659492137268245
shCtrl-K562-R2,DMAi_full_mit,RIOK3,0.676246392168589
shCtrl-K562-R2,DMAi_full_mit,RNASEH1,0.67829227366169
shCtrl-K562-R2,DMAi_full_mit,RNF114,0.465458555012896
shCtrl-K562-R2,DMAi_full_mit,SAP130,0.855705677010373
shCtrl-K562-R2,DMAi_full_mit,SEC14L2,0.714020026437625
shCtrl-K562-R2,DMAi_full_mit,SIN3A,0.885635756303597
shCtrl-K562-R2,DMAi_full_mit,SLC44A2,0.469801864326789
shCtrl-K562-R2,DMAi_full_mit,SLF2,0.634882296389578
shCtrl-K562-R2,DMAi_full_mit,SNRNP48,0.422940441283167
shCtrl-K562-R2,DMAi_full_mit,SNU13,0.610143516519384
shCtrl-K562-R2,DMAi_full_mit,SPATA2,0.791513109375875
shCtrl-K562-R2,DMAi_full_mit,SPTLC2,0.462013906720761
shCtrl-K562-R2,DMAi_full_mit,STAG1,0.583062915544557
shCtrl-K562-R2,DMAi_full_mit,STX6,0.695071755716574
shCtrl-K562-R2,DMAi_full_mit,TASOR,0.610387359530708
shCtrl-K562-R2,DMAi_full_mit,TATDN3,0.635611975997729
shCtrl-K562-R2,DMAi_full_mit,TBC1D14,0.568048824641936
shCtrl-K562-R2,DMAi_full_mit,TM7SF3,0.700789054547889
shCtrl-K562-R2,DMAi_full_mit,TMEM123,0.536250932768629
shCtrl-K562-R2,DMAi_full_mit,TMEM167B,0.597255556244832
shCtrl-K562-R2,DMAi_full_mit,TMEM183A,0.790880234832742
shCtrl-K562-R2,DMAi_full_mit,TMEM9B,0.414254710845211
shCtrl-K562-R2,DMAi_full_mit,TNFRSF10B,0.505316428137994
shCtrl-K562-R2,DMAi_full_mit,TOR1AIP1,0.616194606883007
shCtrl-K562-R2,DMAi_full_mit,TP53RK,0.902310334248143
shCtrl-K562-R2,DMAi_full_mit,TRIM13,0.86807853704658
shCtrl-K562-R2,DMAi_full_mit,TRMT6,0.755340139034684
shCtrl-K562-R2,DMAi_full_mit,TSPAN9,0.734822236137202
shCtrl-K562-R2,DMAi_full_mit,TTC28,0.891056631754484
shCtrl-K562-R2,DMAi_full_mit,UBE2F,0.742044826181868
shCtrl-K562-R2,DMAi_full_mit,UBE2L3,0.864893424100584
shCtrl-K562-R2,DMAi_full_mit,UBE3B,0.371014549037183
shCtrl-K562-R2,DMAi_full_mit,UBXN2B,0.654644992196289
shCtrl-K562-R2,DMAi_full_mit,USP45,0.859583534021098
shCtrl-K562-R2,DMAi_full_mit,USPL1,0.991577533999309
shCtrl-K562-R2,DMAi_full_mit,VPS26A,0.578457637169269
shCtrl-K562-R2,DMAi_full_mit,WDFY1,0.681107796097432
shCtrl-K562-R2,DMAi_full_mit,WDR35,0.575361407797677
shCtrl-K562-R2,DMAi_full_mit,XPOT,0.866530925365829
shCtrl-K562-R2,DMAi_full_mit,YPEL5,0.685130208412004
shCtrl-K562-R2,DMAi_full_mit,YTHDF1,0.760830648819065
shCtrl-K562-R2,DMAi_full_mit,ZNF134,0.65778115750527
shCtrl-K562-R2,DMAi_full_mit,ZNF473,0.657967464338069
shCtrl-K562-R2,DMAi_full_mit,ZNF770,0.624554975491223
shCtrl-K562-R2,DMAi_part_mit,AAGAB,0.874906233842269
shCtrl-K562-R2,DMAi_part_mit,AASDHPPT,0.365653458145998
shCtrl-K562-R2,DMAi_part_mit,ABCB10,0.93576079107756
shCtrl-K562-R2,DMAi_part_mit,ABCC1,0.51482378633758
shCtrl-K562-R2,DMAi_part_mit,ABCE1,0.447465331704922
shCtrl-K562-R2,DMAi_part_mit,ABHD13,0.627646574727549
shCtrl-K562-R2,DMAi_part_mit,ACAP2,0.488898561611361
shCtrl-K562-R2,DMAi_part_mit,ACP1,0.423545845841337
shCtrl-K562-R2,DMAi_part_mit,ADAM10,0.542779205431758
shCtrl-K562-R2,DMAi_part_mit,AKAP11,0.565116104867589
shCtrl-K562-R2,DMAi_part_mit,ALDH5A1,0.40150384230757
shCtrl-K562-R2,DMAi_part_mit,ANGEL2,0.569211263509882
shCtrl-K562-R2,DMAi_part_mit,ANKH,0.535549410875017
shCtrl-K562-R2,DMAi_part_mit,AP3M1,0.600719563362786
shCtrl-K562-R2,DMAi_part_mit,ARF4,0.377574686604385
shCtrl-K562-R2,DMAi_part_mit,ARFIP2,0.968003404096785
shCtrl-K562-R2,DMAi_part_mit,ARIH2,0.612382049951777
shCtrl-K562-R2,DMAi_part_mit,ARPC5,0.223154353157811
shCtrl-K562-R2,DMAi_part_mit,ASAP2,0.745952047365774
shCtrl-K562-R2,DMAi_part_mit,ATG12,0.314077985105485
shCtrl-K562-R2,DMAi_part_mit,ATG4A,0.878491022505572
shCtrl-K562-R2,DMAi_part_mit,ATG5,0.842908466388439
shCtrl-K562-R2,DMAi_part_mit,ATMIN,0.83067286774431
shCtrl-K562-R2,DMAi_part_mit,ATP11C,0.589404754188464
shCtrl-K562-R2,DMAi_part_mit,ATP6AP2,0.407002905244862
shCtrl-K562-R2,DMAi_part_mit,ATP6V0A2,0.491901052031438
shCtrl-K562-R2,DMAi_part_mit,ATP6V1G1,0.384739441140691
shCtrl-K562-R2,DMAi_part_mit,ATXN3,0.805548960723124
shCtrl-K562-R2,DMAi_part_mit,BAG4,0.731984218764729
shCtrl-K562-R2,DMAi_part_mit,BIRC6,0.938225597544965
shCtrl-K562-R2,DMAi_part_mit,BNIP3L,0.779312259061238
shCtrl-K562-R2,DMAi_part_mit,BRAP,0.771484527143748
shCtrl-K562-R2,DMAi_part_mit,BTRC,0.659081756596915
shCtrl-K562-R2,DMAi_part_mit,C12orf4,0.620069275990415
shCtrl-K562-R2,DMAi_part_mit,C9orf78,0.833633820343981
shCtrl-K562-R2,DMAi_part_mit,CAMK2N1,0.793572141903013
shCtrl-K562-R2,DMAi_part_mit,CAPN7,0.443778147466001
shCtrl-K562-R2,DMAi_part_mit,CCDC152,0.349769966987779
shCtrl-K562-R2,DMAi_part_mit,CCND1,0.63817212721701
shCtrl-K562-R2,DMAi_part_mit,CD2AP,0.915718717463009
shCtrl-K562-R2,DMAi_part_mit,CEP20,0.644589775117113
shCtrl-K562-R2,DMAi_part_mit,CGGBP1,0.673350334250385
shCtrl-K562-R2,DMAi_part_mit,CHD6,0.606853993656765
shCtrl-K562-R2,DMAi_part_mit,CHMP3,0.578760268093548
shCtrl-K562-R2,DMAi_part_mit,CHMP4B,0.71436284702
shCtrl-K562-R2,DMAi_part_mit,CIR1,0.888189664684683
shCtrl-K562-R2,DMAi_part_mit,CITED2,0.503367808450585
shCtrl-K562-R2,DMAi_part_mit,CLINT1,0.662294373594696
shCtrl-K562-R2,DMAi_part_mit,CLPB,0.600348886100296
shCtrl-K562-R2,DMAi_part_mit,CLPX,0.852548223845706
shCtrl-K562-R2,DMAi_part_mit,CNOT8,0.505861358890368
shCtrl-K562-R2,DMAi_part_mit,COMMD8,0.851692611984112
shCtrl-K562-R2,DMAi_part_mit,COPS8,0.331364762056186
shCtrl-K562-R2,DMAi_part_mit,COX20,0.498776648426947
shCtrl-K562-R2,DMAi_part_mit,CRBN,0.478354809488206
shCtrl-K562-R2,DMAi_part_mit,CREB1,0.690354217384341
shCtrl-K562-R2,DMAi_part_mit,CRTC1,0.97289206328164
shCtrl-K562-R2,DMAi_part_mit,CTPS1,0.28565568614574
shCtrl-K562-R2,DMAi_part_mit,DCAF17,0.422668559961002
shCtrl-K562-R2,DMAi_part_mit,DCAF6,0.763980855112671
shCtrl-K562-R2,DMAi_part_mit,DCUN1D1,0.748538145044817
shCtrl-K562-R2,DMAi_part_mit,DDX19A,0.336303735259821
shCtrl-K562-R2,DMAi_part_mit,DERL1,0.308262681704692
shCtrl-K562-R2,DMAi_part_mit,DESI1,0.574588369201245
shCtrl-K562-R2,DMAi_part_mit,DICER1,0.307014444598729
shCtrl-K562-R2,DMAi_part_mit,DLGAP4,0.48289381767822
shCtrl-K562-R2,DMAi_part_mit,DNAJB1,0.28963248227482
shCtrl-K562-R2,DMAi_part_mit,DNAJC12,0.844932550193695
shCtrl-K562-R2,DMAi_part_mit,DNAJC3,0.608538344123843
shCtrl-K562-R2,DMAi_part_mit,DRAM2,0.787285403865583
shCtrl-K562-R2,DMAi_part_mit,DUSP16,0.628652138022748
shCtrl-K562-R2,DMAi_part_mit,DUSP3,0.438574793937248
shCtrl-K562-R2,DMAi_part_mit,DVL3,0.317126137467034
shCtrl-K562-R2,DMAi_part_mit,DYM,0.855612570530272
shCtrl-K562-R2,DMAi_part_mit,EDEM1,0.604489322031313
shCtrl-K562-R2,DMAi_part_mit,EFCAB14,0.371797577151095
shCtrl-K562-R2,DMAi_part_mit,EIF1AD,0.398899360208589
shCtrl-K562-R2,DMAi_part_mit,ELMOD2,0.572630334906596
shCtrl-K562-R2,DMAi_part_mit,ELOA,0.736622399838288
shCtrl-K562-R2,DMAi_part_mit,ENSG00000285330,0.427333594792663
shCtrl-K562-R2,DMAi_part_mit,ENTPD4,0.577826572838956
shCtrl-K562-R2,DMAi_part_mit,ERO1A,0.292348919438033
shCtrl-K562-R2,DMAi_part_mit,ERVK3-1,0.973216837230224
shCtrl-K562-R2,DMAi_part_mit,EXOSC6,0.775222644685449
shCtrl-K562-R2,DMAi_part_mit,EXTL2,0.629736247713485
shCtrl-K562-R2,DMAi_part_mit,FAM172A,0.979810246065472
shCtrl-K562-R2,DMAi_part_mit,FAM210B,0.263685738274538
shCtrl-K562-R2,DMAi_part_mit,FDX1,0.814480681540052
shCtrl-K562-R2,DMAi_part_mit,FGF2,0.680646023389713
shCtrl-K562-R2,DMAi_part_mit,GALNT2,0.438143396198705
shCtrl-K562-R2,DMAi_part_mit,GCLC,0.782802884191404
shCtrl-K562-R2,DMAi_part_mit,GFM1,0.554456341897583
shCtrl-K562-R2,DMAi_part_mit,GMEB2,0.451956879698528
shCtrl-K562-R2,DMAi_part_mit,GNA12,0.637229251972407
shCtrl-K562-R2,DMAi_part_mit,GNS,0.599647724501404
shCtrl-K562-R2,DMAi_part_mit,GOLGA1,0.719317249674373
shCtrl-K562-R2,DMAi_part_mit,GOLGA3,0.525824108303224
shCtrl-K562-R2,DMAi_part_mit,GOLIM4,0.965005242109103
shCtrl-K562-R2,DMAi_part_mit,GOLM1,0.183598524033853
shCtrl-K562-R2,DMAi_part_mit,GOLT1B,0.720358808767735
shCtrl-K562-R2,DMAi_part_mit,GPATCH11,0.529326249899258
shCtrl-K562-R2,DMAi_part_mit,GRB10,0.495419903653502
shCtrl-K562-R2,DMAi_part_mit,GSK3B,0.460911280420575
shCtrl-K562-R2,DMAi_part_mit,GSR,0.584991432149535
shCtrl-K562-R2,DMAi_part_mit,GUF1,0.499159935813713
shCtrl-K562-R2,DMAi_part_mit,GXYLT1,0.545038734714576
shCtrl-K562-R2,DMAi_part_mit,HCCS,0.863672433527378
shCtrl-K562-R2,DMAi_part_mit,HERC2,0.887195823229323
shCtrl-K562-R2,DMAi_part_mit,HIPK1,0.704884267533801
shCtrl-K562-R2,DMAi_part_mit,HSDL2,0.637862396813194
shCtrl-K562-R2,DMAi_part_mit,HSPBAP1,0.72946027740543
shCtrl-K562-R2,DMAi_part_mit,IDH3A,0.29086978775455
shCtrl-K562-R2,DMAi_part_mit,IMMP2L,0.890319262222598
shCtrl-K562-R2,DMAi_part_mit,IMP4,0.503389684207137
shCtrl-K562-R2,DMAi_part_mit,IPO8,0.480244526661984
shCtrl-K562-R2,DMAi_part_mit,IRAK4,0.528527392448368
shCtrl-K562-R2,DMAi_part_mit,ISCA1,0.321415740822407
shCtrl-K562-R2,DMAi_part_mit,ITSN1,0.76187418954155
shCtrl-K562-R2,DMAi_part_mit,IVNS1ABP,0.769582038748352
shCtrl-K562-R2,DMAi_part_mit,JKAMP,0.530351717063002
shCtrl-K562-R2,DMAi_part_mit,KBTBD2,0.486453538917338
shCtrl-K562-R2,DMAi_part_mit,KIF11,0.55164211399687
shCtrl-K562-R2,DMAi_part_mit,KIF3A,0.812982581050065
shCtrl-K562-R2,DMAi_part_mit,KIFAP3,0.501676266981047
shCtrl-K562-R2,DMAi_part_mit,KIFBP,0.233242343106979
shCtrl-K562-R2,DMAi_part_mit,KLHL42,0.812002740931524
shCtrl-K562-R2,DMAi_part_mit,KLHL5,0.886448222195994
shCtrl-K562-R2,DMAi_part_mit,KMT2D,0.556778352747268
shCtrl-K562-R2,DMAi_part_mit,LARP4B,0.550824454723016
shCtrl-K562-R2,DMAi_part_mit,LZIC,0.7192053429274
shCtrl-K562-R2,DMAi_part_mit,MAML2,0.906396778393808
shCtrl-K562-R2,DMAi_part_mit,MAP1LC3B,0.143642594742277
shCtrl-K562-R2,DMAi_part_mit,MAPK9,0.622335130568222
shCtrl-K562-R2,DMAi_part_mit,MARCHF6,0.795830829915512
shCtrl-K562-R2,DMAi_part_mit,METTL2B,0.662228620905708
shCtrl-K562-R2,DMAi_part_mit,MFF,0.637507752092486
shCtrl-K562-R2,DMAi_part_mit,MFN1,0.833047570062233
shCtrl-K562-R2,DMAi_part_mit,MIA2,0.869837501439243
shCtrl-K562-R2,DMAi_part_mit,MIS12,0.617482349586871
shCtrl-K562-R2,DMAi_part_mit,MOB4,0.541010004410293
shCtrl-K562-R2,DMAi_part_mit,MOCOS,0.883010065639327
shCtrl-K562-R2,DMAi_part_mit,MPZL1,0.23956009667715
shCtrl-K562-R2,DMAi_part_mit,MRPL50,0.92990939621715
shCtrl-K562-R2,DMAi_part_mit,MTFR1L,0.269669295747159
shCtrl-K562-R2,DMAi_part_mit,MTMR12,0.558947865209844
shCtrl-K562-R2,DMAi_part_mit,NACC2,0.535820356472883
shCtrl-K562-R2,DMAi_part_mit,NADK2,0.694546025469522
shCtrl-K562-R2,DMAi_part_mit,NCKAP1,0.513261228110967
shCtrl-K562-R2,DMAi_part_mit,NDUFA5,0.163752635440199
shCtrl-K562-R2,DMAi_part_mit,NDUFAF7,0.600759646848717
shCtrl-K562-R2,DMAi_part_mit,NDUFB5,0.393561694557416
shCtrl-K562-R2,DMAi_part_mit,NETO2,0.902682371261031
shCtrl-K562-R2,DMAi_part_mit,NIPSNAP3A,0.838073016136558
shCtrl-K562-R2,DMAi_part_mit,NOL3,0.437324835878232
shCtrl-K562-R2,DMAi_part_mit,NPLOC4,0.38508209283738
shCtrl-K562-R2,DMAi_part_mit,NR1D2,0.536361984181917
shCtrl-K562-R2,DMAi_part_mit,NR2C2,0.391979827964593
shCtrl-K562-R2,DMAi_part_mit,NSMAF,0.514113819060328
shCtrl-K562-R2,DMAi_part_mit,NT5DC1,0.858548470982979
shCtrl-K562-R2,DMAi_part_mit,NTAQ1,0.647191358631406
shCtrl-K562-R2,DMAi_part_mit,OSBPL3,0.650804111592213
shCtrl-K562-R2,DMAi_part_mit,OSBPL9,0.281754349219369
shCtrl-K562-R2,DMAi_part_mit,OXCT1,0.600174638532362
shCtrl-K562-R2,DMAi_part_mit,PAK2,0.74380523158935
shCtrl-K562-R2,DMAi_part_mit,PARPBP,0.639406476576888
shCtrl-K562-R2,DMAi_part_mit,PBX2,0.708229250182295
shCtrl-K562-R2,DMAi_part_mit,PCNP,0.516299822927919
shCtrl-K562-R2,DMAi_part_mit,PDCD6IP,0.804882941841486
shCtrl-K562-R2,DMAi_part_mit,PDLIM5,0.488570439941788
shCtrl-K562-R2,DMAi_part_mit,PEX19,0.763256148845514
shCtrl-K562-R2,DMAi_part_mit,PEX3,0.958937538369092
shCtrl-K562-R2,DMAi_part_mit,PGM2,0.85571703928613
shCtrl-K562-R2,DMAi_part_mit,PHC3,0.670027676060624
shCtrl-K562-R2,DMAi_part_mit,PIKFYVE,0.684769118487994
shCtrl-K562-R2,DMAi_part_mit,PISD,0.386829720787052
shCtrl-K562-R2,DMAi_part_mit,PLAGL2,0.528526816459657
shCtrl-K562-R2,DMAi_part_mit,PLEKHB2,0.286308337529145
shCtrl-K562-R2,DMAi_part_mit,PNPT1,0.857584479291585
shCtrl-K562-R2,DMAi_part_mit,POLR2D,0.889190500468605
shCtrl-K562-R2,DMAi_part_mit,POLR2K,0.786103491934526
shCtrl-K562-R2,DMAi_part_mit,POP1,0.824728266497647
shCtrl-K562-R2,DMAi_part_mit,PPP2CB,0.640170941701695
shCtrl-K562-R2,DMAi_part_mit,PPP4R2,0.747939401808706
shCtrl-K562-R2,DMAi_part_mit,PPP4R3B,0.531237503668324
shCtrl-K562-R2,DMAi_part_mit,PRELID3B,0.62802254461896
shCtrl-K562-R2,DMAi_part_mit,PRKCA,0.650312583352532
shCtrl-K562-R2,DMAi_part_mit,PRKCI,0.513376609630633
shCtrl-K562-R2,DMAi_part_mit,PRKD3,0.51282331998283
shCtrl-K562-R2,DMAi_part_mit,PRKRIP1,0.808004712281803
shCtrl-K562-R2,DMAi_part_mit,PROS1,0.375370722246249
shCtrl-K562-R2,DMAi_part_mit,PSEN1,0.377987401105793
shCtrl-K562-R2,DMAi_part_mit,PSMB2,0.849705547362948
shCtrl-K562-R2,DMAi_part_mit,PWWP3A,0.697191033778427
shCtrl-K562-R2,DMAi_part_mit,RAB27A,0.34490284834915
shCtrl-K562-R2,DMAi_part_mit,RANBP3,0.46526427123969
shCtrl-K562-R2,DMAi_part_mit,RBFOX2,0.304186484269307
shCtrl-K562-R2,DMAi_part_mit,RBL2,0.724397792270844
shCtrl-K562-R2,DMAi_part_mit,RBM27,0.787267073818066
shCtrl-K562-R2,DMAi_part_mit,RBSN,0.566808569956634
shCtrl-K562-R2,DMAi_part_mit,RCL1,0.766725032844807
shCtrl-K562-R2,DMAi_part_mit,RECQL,0.683884388684891
shCtrl-K562-R2,DMAi_part_mit,RIOK2,0.894416414963926
shCtrl-K562-R2,DMAi_part_mit,RIPK2,0.836106046092792
shCtrl-K562-R2,DMAi_part_mit,RLF,0.858349390022791
shCtrl-K562-R2,DMAi_part_mit,RLIG1,0.629294631899964
shCtrl-K562-R2,DMAi_part_mit,RNF44,0.831453526958419
shCtrl-K562-R2,DMAi_part_mit,RREB1,0.461881697750921
shCtrl-K562-R2,DMAi_part_mit,RSU1,0.755720129172378
shCtrl-K562-R2,DMAi_part_mit,RUNDC1,0.646335892348737
shCtrl-K562-R2,DMAi_part_mit,SAR1A,0.511820268725493
shCtrl-K562-R2,DMAi_part_mit,SDHAF4,0.868227055568128
shCtrl-K562-R2,DMAi_part_mit,SEC24A,0.763828594650858
shCtrl-K562-R2,DMAi_part_mit,SEC63,0.653671940079412
shCtrl-K562-R2,DMAi_part_mit,SECISBP2,0.594000651800611
shCtrl-K562-R2,DMAi_part_mit,SETD3,0.688494142259297
shCtrl-K562-R2,DMAi_part_mit,SGTB,0.778519477921657
shCtrl-K562-R2,DMAi_part_mit,SH3GLB1,0.693066289939857
shCtrl-K562-R2,DMAi_part_mit,SIAH2,0.45923864969064
shCtrl-K562-R2,DMAi_part_mit,SKIL,0.721270410923566
shCtrl-K562-R2,DMAi_part_mit,SLC20A2,0.774362741708831
shCtrl-K562-R2,DMAi_part_mit,SLC23A2,0.545327535649717
shCtrl-K562-R2,DMAi_part_mit,SLC31A1,0.609442191910522
shCtrl-K562-R2,DMAi_part_mit,SLC35D1,0.594796846395706
shCtrl-K562-R2,DMAi_part_mit,SLC4A7,0.994665637654094
shCtrl-K562-R2,DMAi_part_mit,SMAP2,0.383004510657812
shCtrl-K562-R2,DMAi_part_mit,SMIM14,0.895044855536337
shCtrl-K562-R2,DMAi_part_mit,SMIM15,0.652332901041742
shCtrl-K562-R2,DMAi_part_mit,SNX1,0.850040496864039
shCtrl-K562-R2,DMAi_part_mit,SNX10,0.32082150919045
shCtrl-K562-R2,DMAi_part_mit,SNX4,0.665415407776614
shCtrl-K562-R2,DMAi_part_mit,SNX8,0.730208244966257
shCtrl-K562-R2,DMAi_part_mit,SORT1,0.488528401775712
shCtrl-K562-R2,DMAi_part_mit,SPPL2A,0.665918188337855
shCtrl-K562-R2,DMAi_part_mit,SPRYD7,0.848560552706572
shCtrl-K562-R2,DMAi_part_mit,SSX2IP,0.583015170854269
shCtrl-K562-R2,DMAi_part_mit,STAM2,0.755775134746773
shCtrl-K562-R2,DMAi_part_mit,STAT3,0.273271994588912
shCtrl-K562-R2,DMAi_part_mit,STAT5B,0.395212758228774
shCtrl-K562-R2,DMAi_part_mit,STT3B,0.49837728953054
shCtrl-K562-R2,DMAi_part_mit,STX2,0.617981905180852
shCtrl-K562-R2,DMAi_part_mit,SUMO3,0.562815028869563
shCtrl-K562-R2,DMAi_part_mit,SZRD1,0.464619438282675
shCtrl-K562-R2,DMAi_part_mit,TAP2,0.368390063152571
shCtrl-K562-R2,DMAi_part_mit,TAPT1,0.644968933179781
shCtrl-K562-R2,DMAi_part_mit,TCP11L1,0.390181136107272
shCtrl-K562-R2,DMAi_part_mit,TDP1,0.750691199991043
shCtrl-K562-R2,DMAi_part_mit,TGFBR1,0.458405757940667
shCtrl-K562-R2,DMAi_part_mit,TIA1,0.678848594578956
shCtrl-K562-R2,DMAi_part_mit,TIPRL,0.764716962161621
shCtrl-K562-R2,DMAi_part_mit,TKFC,0.794243090608549
shCtrl-K562-R2,DMAi_part_mit,TLE3,0.531076906054398
shCtrl-K562-R2,DMAi_part_mit,TM2D3,0.344422845002393
shCtrl-K562-R2,DMAi_part_mit,TMEM106B,0.502290270235737
shCtrl-K562-R2,DMAi_part_mit,TMEM237,0.899015509875864
shCtrl-K562-R2,DMAi_part_mit,TMEM248,0.651770598422394
shCtrl-K562-R2,DMAi_part_mit,TMEM263,0.489402204766611
shCtrl-K562-R2,DMAi_part_mit,TMEM87B,0.608790482010941
shCtrl-K562-R2,DMAi_part_mit,TOPBP1,0.713467279864213
shCtrl-K562-R2,DMAi_part_mit,TRABD,0.721227059166552
shCtrl-K562-R2,DMAi_part_mit,TRAPPC11,0.751716012363606
shCtrl-K562-R2,DMAi_part_mit,TRAPPC2,0.323925539633524
shCtrl-K562-R2,DMAi_part_mit,TRIM33,0.604286933864949
shCtrl-K562-R2,DMAi_part_mit,TRMT5,0.859901983768848
shCtrl-K562-R2,DMAi_part_mit,TSN,0.586272826052626
shCtrl-K562-R2,DMAi_part_mit,TUBGCP4,0.371543248659425
shCtrl-K562-R2,DMAi_part_mit,TWSG1,0.632052955558198
shCtrl-K562-R2,DMAi_part_mit,UBE2A,0.650192559246686
shCtrl-K562-R2,DMAi_part_mit,UBFD1,0.331100926162685
shCtrl-K562-R2,DMAi_part_mit,UBQLN1,0.527367360026523
shCtrl-K562-R2,DMAi_part_mit,UBR7,0.509918803870469
shCtrl-K562-R2,DMAi_part_mit,UBXN2A,0.786221474212992
shCtrl-K562-R2,DMAi_part_mit,UBXN8,0.49483191557853
shCtrl-K562-R2,DMAi_part_mit,UCK2,0.691630086038897
shCtrl-K562-R2,DMAi_part_mit,UPF1,0.521779187950741
shCtrl-K562-R2,DMAi_part_mit,UQCC6,0.652112167779557
shCtrl-K562-R2,DMAi_part_mit,USO1,0.84650078263914
shCtrl-K562-R2,DMAi_part_mit,USP12,0.581391055042664
shCtrl-K562-R2,DMAi_part_mit,USP14,0.709542441583741
shCtrl-K562-R2,DMAi_part_mit,USP30,0.666806262932234
shCtrl-K562-R2,DMAi_part_mit,VEZF1,0.820723323009372
shCtrl-K562-R2,DMAi_part_mit,VPS13B,0.463113009537388
shCtrl-K562-R2,DMAi_part_mit,VPS13C,0.568848583712514
shCtrl-K562-R2,DMAi_part_mit,VPS29,0.982751611754145
shCtrl-K562-R2,DMAi_part_mit,WAPL,0.716303479785503
shCtrl-K562-R2,DMAi_part_mit,WASHC2A,0.75603501038472
shCtrl-K562-R2,DMAi_part_mit,WDR37,0.732367601305611
shCtrl-K562-R2,DMAi_part_mit,XBP1,0.617223466408458
shCtrl-K562-R2,DMAi_part_mit,YIPF5,0.886717036383229
shCtrl-K562-R2,DMAi_part_mit,ZC3H14,0.764954075888533
shCtrl-K562-R2,DMAi_part_mit,ZDHHC2,0.660470278039308
shCtrl-K562-R2,DMAi_part_mit,ZDHHC6,0.2402258505087
shCtrl-K562-R2,DMAi_part_mit,ZEB1,0.620808059009084
shCtrl-K562-R2,DMAi_part_mit,ZFAND3,0.655271522421296
shCtrl-K562-R2,DMAi_part_mit,ZFYVE1,0.686211841432105
shCtrl-K562-R2,DMAi_part_mit,ZFYVE26,0.534684758360011
shCtrl-K562-R2,DMAi_part_mit,ZKSCAN3,0.674991074002846
shCtrl-K562-R2,DMAi_part_mit,ZNF143,0.821481961005921
shCtrl-K562-R2,DMAi_part_mit,ZNF48,0.831408595771139
shCtrl-K562-R2,DMAi_part_mit,ZNF507,0.620200997178319
shCtrl-K562-R2,DMAi_part_mit,ZNHIT6,0.517501243087416
shCtrl-K562-R2,DMAi_no_mit,ACTR1A,0.398873985686025
shCtrl-K562-R2,DMAi_no_mit,AGO4,0.653591190664408
shCtrl-K562-R2,DMAi_no_mit,AGPS,0.347461755543795
shCtrl-K562-R2,DMAi_no_mit,AKIRIN2,0.877280035202184
shCtrl-K562-R2,DMAi_no_mit,ANKRD40,0.645080847094965
shCtrl-K562-R2,DMAi_no_mit,ANKRD46,0.57068047600715
shCtrl-K562-R2,DMAi_no_mit,ANKRD50,0.625013762683418
shCtrl-K562-R2,DMAi_no_mit,ARHGAP12,0.683991387702073
shCtrl-K562-R2,DMAi_no_mit,ARHGAP18,0.714302721142934
shCtrl-K562-R2,DMAi_no_mit,ARIH1,0.405252221796937
shCtrl-K562-R2,DMAi_no_mit,ASF1A,0.774595113256892
shCtrl-K562-R2,DMAi_no_mit,ASXL1,0.636824349888679
shCtrl-K562-R2,DMAi_no_mit,ATG4C,0.796858358614653
shCtrl-K562-R2,DMAi_no_mit,ATP6V1D,0.38670057220307
shCtrl-K562-R2,DMAi_no_mit,BLTP3B,0.84427596149415
shCtrl-K562-R2,DMAi_no_mit,BPNT2,0.365224582509159
shCtrl-K562-R2,DMAi_no_mit,BRWD3,0.587714740675752
shCtrl-K562-R2,DMAi_no_mit,CAPRIN1,0.584802787587477
shCtrl-K562-R2,DMAi_no_mit,CBFA2T2,0.766338708023361
shCtrl-K562-R2,DMAi_no_mit,CBR4,0.770476653863971
shCtrl-K562-R2,DMAi_no_mit,CBX3,0.371541543772264
shCtrl-K562-R2,DMAi_no_mit,CCDC90B,0.835019150941478
shCtrl-K562-R2,DMAi_no_mit,CCDC97,0.493291913232155
shCtrl-K562-R2,DMAi_no_mit,CD40,0.988007803125527
shCtrl-K562-R2,DMAi_no_mit,CEP104,0.828582124759907
shCtrl-K562-R2,DMAi_no_mit,CERK,0.588654112117924
shCtrl-K562-R2,DMAi_no_mit,CHMP2B,0.212570340113273
shCtrl-K562-R2,DMAi_no_mit,CHMP5,0.819310464417064
shCtrl-K562-R2,DMAi_no_mit,CKAP2,0.723211497745855
shCtrl-K562-R2,DMAi_no_mit,CLDND1,0.354162537975669
shCtrl-K562-R2,DMAi_no_mit,CNNM3,0.62308753112508
shCtrl-K562-R2,DMAi_no_mit,CNOT1,0.678714484853976
shCtrl-K562-R2,DMAi_no_mit,COA7,0.739049215683833
shCtrl-K562-R2,DMAi_no_mit,COMMD2,0.627133551075234
shCtrl-K562-R2,DMAi_no_mit,COPS7B,0.926458367604923
shCtrl-K562-R2,DMAi_no_mit,CPNE3,0.496627348061465
shCtrl-K562-R2,DMAi_no_mit,CTDSP2,0.394177223892544
shCtrl-K562-R2,DMAi_no_mit,CUL4B,0.313595869192275
shCtrl-K562-R2,DMAi_no_mit,CYP51A1,0.543486041871504
shCtrl-K562-R2,DMAi_no_mit,DCAF10,0.772610213817075
shCtrl-K562-R2,DMAi_no_mit,DCAF5,0.629978708691675
shCtrl-K562-R2,DMAi_no_mit,DCTD,0.420745530044939
shCtrl-K562-R2,DMAi_no_mit,DDHD2,0.388555689463202
shCtrl-K562-R2,DMAi_no_mit,DEGS1,0.733869775009144
shCtrl-K562-R2,DMAi_no_mit,DENR,0.563134683574206
shCtrl-K562-R2,DMAi_no_mit,DHODH,0.831163627390239
shCtrl-K562-R2,DMAi_no_mit,DNAJB11,0.437409082484653
shCtrl-K562-R2,DMAi_no_mit,DNAJC10,0.390744649551429
shCtrl-K562-R2,DMAi_no_mit,DYNC1LI1,0.601113594170886
shCtrl-K562-R2,DMAi_no_mit,EIF4E,0.72616037866346
shCtrl-K562-R2,DMAi_no_mit,EIF5A2,0.719648973581982
shCtrl-K562-R2,DMAi_no_mit,ELAVL1,0.600598729585662
shCtrl-K562-R2,DMAi_no_mit,ENSG00000255872,0.621141180198414
shCtrl-K562-R2,DMAi_no_mit,ENSG00000286235,0.891185371269825
shCtrl-K562-R2,DMAi_no_mit,EOGT,0.734318143101098
shCtrl-K562-R2,DMAi_no_mit,EP400,0.59211722956908
shCtrl-K562-R2,DMAi_no_mit,FAM114A1,0.949795293642514
shCtrl-K562-R2,DMAi_no_mit,FAM241A,0.60808206102593
shCtrl-K562-R2,DMAi_no_mit,FAM3C,0.734099264705882
shCtrl-K562-R2,DMAi_no_mit,FAM98B,0.463894327422706
shCtrl-K562-R2,DMAi_no_mit,FANCI,0.301275725989864
shCtrl-K562-R2,DMAi_no_mit,FBXL4,0.787611929459673
shCtrl-K562-R2,DMAi_no_mit,FBXO25,0.794638491648188
shCtrl-K562-R2,DMAi_no_mit,FEM1C,0.790502639383434
shCtrl-K562-R2,DMAi_no_mit,FNDC3B,0.671405348303446
shCtrl-K562-R2,DMAi_no_mit,FYTTD1,0.729971650136696
shCtrl-K562-R2,DMAi_no_mit,FZR1,0.4889723275932
shCtrl-K562-R2,DMAi_no_mit,G3BP1,0.282794689553199
shCtrl-K562-R2,DMAi_no_mit,GALNT10,0.611562518177308
shCtrl-K562-R2,DMAi_no_mit,GAS8,0.579153249167085
shCtrl-K562-R2,DMAi_no_mit,GATAD2B,0.880826870676542
shCtrl-K562-R2,DMAi_no_mit,GID8,0.875967861800495
shCtrl-K562-R2,DMAi_no_mit,GLOD4,0.470393806481788
shCtrl-K562-R2,DMAi_no_mit,GTF2H1,0.738208381203359
shCtrl-K562-R2,DMAi_no_mit,GTPBP4,0.948974645946393
shCtrl-K562-R2,DMAi_no_mit,HACD3,0.190983546438374
shCtrl-K562-R2,DMAi_no_mit,HIGD1A,0.681807236181738
shCtrl-K562-R2,DMAi_no_mit,HLA-E,0.5865097608843
shCtrl-K562-R2,DMAi_no_mit,HMGB3,0.6662412576496
shCtrl-K562-R2,DMAi_no_mit,HMMR,0.519974109617075
shCtrl-K562-R2,DMAi_no_mit,HSPH1,0.636077347288638
shCtrl-K562-R2,DMAi_no_mit,ICE2,0.729522777746986
shCtrl-K562-R2,DMAi_no_mit,IFRD1,0.486287791853317
shCtrl-K562-R2,DMAi_no_mit,IFT80,0.720310301555311
shCtrl-K562-R2,DMAi_no_mit,ISOC1,0.65720325974471
shCtrl-K562-R2,DMAi_no_mit,KIF18A,0.831481994532622
shCtrl-K562-R2,DMAi_no_mit,LHFPL2,0.369142217631623
shCtrl-K562-R2,DMAi_no_mit,LMNB1,0.675005734190333
shCtrl-K562-R2,DMAi_no_mit,LRRFIP2,0.56940187760424
shCtrl-K562-R2,DMAi_no_mit,LTN1,0.49106398248479
shCtrl-K562-R2,DMAi_no_mit,MACO1,0.929352599503457
shCtrl-K562-R2,DMAi_no_mit,MAN2A1,0.520408280542861
shCtrl-K562-R2,DMAi_no_mit,MAP3K7,0.618224361821815
shCtrl-K562-R2,DMAi_no_mit,MDC1,0.896711221792452
shCtrl-K562-R2,DMAi_no_mit,ME2,0.213393960794671
shCtrl-K562-R2,DMAi_no_mit,MED29,0.479328929730848
shCtrl-K562-R2,DMAi_no_mit,MEX3A,0.342392987855339
shCtrl-K562-R2,DMAi_no_mit,MKI67,0.618935311632858
shCtrl-K562-R2,DMAi_no_mit,MKLN1,0.740126774896956
shCtrl-K562-R2,DMAi_no_mit,MORF4L1,0.502263272989637
shCtrl-K562-R2,DMAi_no_mit,MRPL44,0.623894176460083
shCtrl-K562-R2,DMAi_no_mit,NDC1,0.685567660847953
shCtrl-K562-R2,DMAi_no_mit,NDFIP1,0.312153788823559
shCtrl-K562-R2,DMAi_no_mit,NEDD4L,0.740229672452118
shCtrl-K562-R2,DMAi_no_mit,NHLRC3,0.598977180410648
shCtrl-K562-R2,DMAi_no_mit,NOP9,0.325679663577902
shCtrl-K562-R2,DMAi_no_mit,NUCKS1,0.744973582916737
shCtrl-K562-R2,DMAi_no_mit,NUDCD1,0.714412057845695
shCtrl-K562-R2,DMAi_no_mit,NUP153,0.918826574060682
shCtrl-K562-R2,DMAi_no_mit,OPA1,0.623844487589831
shCtrl-K562-R2,DMAi_no_mit,PAXBP1,0.611180771934945
shCtrl-K562-R2,DMAi_no_mit,PKP4,0.618706514484411
shCtrl-K562-R2,DMAi_no_mit,PLEKHA3,0.986844360892553
shCtrl-K562-R2,DMAi_no_mit,POLR1G,0.785679662639167
shCtrl-K562-R2,DMAi_no_mit,POLR3E,0.482471628742061
shCtrl-K562-R2,DMAi_no_mit,POLR3H,0.164541840361547
shCtrl-K562-R2,DMAi_no_mit,PPM1A,0.653659989241675
shCtrl-K562-R2,DMAi_no_mit,PREPL,0.486315201542566
shCtrl-K562-R2,DMAi_no_mit,PRMT6,0.749970317540296
shCtrl-K562-R2,DMAi_no_mit,PRPS1,0.551143674178696
shCtrl-K562-R2,DMAi_no_mit,PRR11,0.758052162209654
shCtrl-K562-R2,DMAi_no_mit,PRRC2B,0.739553764095408
shCtrl-K562-R2,DMAi_no_mit,PSME3,0.205952046847736
shCtrl-K562-R2,DMAi_no_mit,PTGES3,0.916019576865059
shCtrl-K562-R2,DMAi_no_mit,PTPN9,0.430631147124316
shCtrl-K562-R2,DMAi_no_mit,QPRT,0.769173439611534
shCtrl-K562-R2,DMAi_no_mit,QSOX2,0.507496313443947
shCtrl-K562-R2,DMAi_no_mit,RAB11A,0.843494139916278
shCtrl-K562-R2,DMAi_no_mit,RAB4A,0.821904829281158
shCtrl-K562-R2,DMAi_no_mit,RABGGTB,0.817191364580738
shCtrl-K562-R2,DMAi_no_mit,RBM41,0.635047020316399
shCtrl-K562-R2,DMAi_no_mit,RCHY1,0.572711540846138
shCtrl-K562-R2,DMAi_no_mit,RFC1,0.725798767168499
shCtrl-K562-R2,DMAi_no_mit,RIT1,0.686346617575313
shCtrl-K562-R2,DMAi_no_mit,RMND5A,0.63528242154012
shCtrl-K562-R2,DMAi_no_mit,RNF2,0.826848150235408
shCtrl-K562-R2,DMAi_no_mit,RNF207,0.781459879796426
shCtrl-K562-R2,DMAi_no_mit,RNF38,0.685618094367166
shCtrl-K562-R2,DMAi_no_mit,RNGTT,0.658170367838283
shCtrl-K562-R2,DMAi_no_mit,RPS6KB1,0.647561628109864
shCtrl-K562-R2,DMAi_no_mit,RRAS2,0.616788300363378
shCtrl-K562-R2,DMAi_no_mit,SAP30L,0.934640283500284
shCtrl-K562-R2,DMAi_no_mit,SAR1B,0.754931652342454
shCtrl-K562-R2,DMAi_no_mit,SDE2,0.664751668847341
shCtrl-K562-R2,DMAi_no_mit,SELENOF,0.994652047295349
shCtrl-K562-R2,DMAi_no_mit,SERP1,0.667342381512297
shCtrl-K562-R2,DMAi_no_mit,SKA2,0.70334416969439
shCtrl-K562-R2,DMAi_no_mit,SLC25A26,0.317209718385784
shCtrl-K562-R2,DMAi_no_mit,SLC5A3,0.521287664029
shCtrl-K562-R2,DMAi_no_mit,SLU7,0.803850984048333
shCtrl-K562-R2,DMAi_no_mit,SMURF1,0.647826945126266
shCtrl-K562-R2,DMAi_no_mit,SPAG9,0.654146078542948
shCtrl-K562-R2,DMAi_no_mit,SPCS3,0.267105629565021
shCtrl-K562-R2,DMAi_no_mit,SPPL2B,0.874856577575134
shCtrl-K562-R2,DMAi_no_mit,SPTSSA,0.910116168948447
shCtrl-K562-R2,DMAi_no_mit,STAM,0.868211040983409
shCtrl-K562-R2,DMAi_no_mit,STARD3NL,0.813863622745619
shCtrl-K562-R2,DMAi_no_mit,STXBP1,0.339339572036547
shCtrl-K562-R2,DMAi_no_mit,SUMO2,0.847258541947819
shCtrl-K562-R2,DMAi_no_mit,SYPL1,0.553638324792334
shCtrl-K562-R2,DMAi_no_mit,TM9SF2,0.443119003191056
shCtrl-K562-R2,DMAi_no_mit,TMED5,0.423453780909726
shCtrl-K562-R2,DMAi_no_mit,TMEM14A,0.88453504738034
shCtrl-K562-R2,DMAi_no_mit,TMEM242,0.65963437270898
shCtrl-K562-R2,DMAi_no_mit,TMEM33,0.758623475386028
shCtrl-K562-R2,DMAi_no_mit,TMEM38B,0.851971046924799
shCtrl-K562-R2,DMAi_no_mit,TMEM41A,0.243942785242549
shCtrl-K562-R2,DMAi_no_mit,TMEM64,0.848629376080089
shCtrl-K562-R2,DMAi_no_mit,TMOD3,0.477723516085431
shCtrl-K562-R2,DMAi_no_mit,TOMM70,0.548639172247588
shCtrl-K562-R2,DMAi_no_mit,TPCN1,0.473287264285165
shCtrl-K562-R2,DMAi_no_mit,TXNDC9,0.643677430530802
shCtrl-K562-R2,DMAi_no_mit,UBE3C,0.75834045075935
shCtrl-K562-R2,DMAi_no_mit,UBIAD1,0.821502174085888
shCtrl-K562-R2,DMAi_no_mit,UBL3,0.862047346045076
shCtrl-K562-R2,DMAi_no_mit,UBL4A,0.663415819838219
shCtrl-K562-R2,DMAi_no_mit,UBR1,0.571372102156248
shCtrl-K562-R2,DMAi_no_mit,UQCRC2,0.819915326841831
shCtrl-K562-R2,DMAi_no_mit,USP15,0.841667534098072
shCtrl-K562-R2,DMAi_no_mit,USP32,0.783300542921327
shCtrl-K562-R2,DMAi_no_mit,UTP3,0.90058485959465
shCtrl-K562-R2,DMAi_no_mit,VAMP4,0.815008476597469
shCtrl-K562-R2,DMAi_no_mit,VMA21,0.451697909737466
shCtrl-K562-R2,DMAi_no_mit,VPS26B,0.396649724595394
shCtrl-K562-R2,DMAi_no_mit,WBP4,0.811689471652554
shCtrl-K562-R2,DMAi_no_mit,XPO4,0.578718802227819
shCtrl-K562-R2,DMAi_no_mit,YME1L1,0.643509841257996
shCtrl-K562-R2,DMAi_no_mit,YTHDC1,0.696506361638121
shCtrl-K562-R2,DMAi_no_mit,YTHDF3,0.72380618676263
shCtrl-K562-R2,DMAi_no_mit,ZC3H8,0.892428375206407
shCtrl-K562-R2,DMAi_no_mit,ZDHHC3,0.57327776396412
shCtrl-K562-R2,DMAi_no_mit,ZFAND5,0.658504354595553
shCtrl-K562-R2,DMAi_no_mit,ZFP1,0.423299280033107
shCtrl-K562-R2,DMAi_no_mit,ZMYM2,0.841043524030097
shCtrl-K562-R2,DMAi_no_mit,ZRANB2,0.581310622867274
